{
  "numList": [
    -304.012,
    2.0,
    4.0,
    4.0,
    26.23,
    34.0,
    35.0,
    44.34534,
    53.0,
    56.0,
    67.0,
    78.0,
    123.0,
    123.0,
    234.0,
    234.5234236,
    435.0,
    734.0,
    1323.0,
    3375.0,
    10023.9436
  ],
  "sum": 16705,
  "numCount": 21,
  "avg": 795.48,
  "median": 67.0,
  "percentNum": 100.0,
  "RevStrings": {},
  "allStrings": {},
  "path": "C:\\Users\\Ryan\\Desktop\\Reynolds_API\\Reynolds_API\\Files\\TestAllNumbers",
  "fname": "TestAllNumbers.txt"
}